UniprotID.TF	UniprotID.Target	NCBI.GeneID.TF	NCBI.GeneID.Target	Name.TF	Name.Target	Detection.method	PubmedID	Organism	Source.database	Small-scale.evidence	TF.TFLink.ortho	TF.nonTFLink.ortho	Target.TFLink.ortho	Target.nonTFLink.ortho
P19426	A2AMS7	27632	20301	Nelfe	Ccl27a	chromatin immunoprecipitation assay	27924024	Mus musculus	GTRD	No	Dm:P92204;Rn:Q6MG75	Hs:A0A0A0MT02;Dr:F8W3Z7	-	-
Q9Z0E3	A2AMS7	11634	20301	Aire	Ccl27a	chromatin immunoprecipitation assay	27924024	Mus musculus	GTRD	No	Hs:O43918	Dr:B8A5S8;Rn:D3ZV49	-	-
Q02085	A2AMS7	20613	20301	Snai1	Ccl27a	chromatin immunoprecipitation assay	27924024	Mus musculus	GTRD	No	Hs:O95863;Rn:Q6AY35	-	-	-
P43241	A2AMS7	12591	20301	Cdx2	Ccl27a	chromatin immunoprecipitation assay;inferred by curator	18971253;27924024;26578589	Mus musculus	GTRD;ORegAnno;PAZAR	No	Hs:Q99626;Rn:Q9ESV7	-	-	-
P59598	A2AMS7	228790	20301	Asxl1	Ccl27a	chromatin immunoprecipitation assay	27924024	Mus musculus	GTRD	No	Hs:Q8IXJ9;Rn:A0A0G2JU33	-	-	-
P48381	A2AMS7	19726	20301	Rfx3	Ccl27a	chromatin immunoprecipitation assay	27924024	Mus musculus	GTRD	No	Hs:P48380	Rn:A0A0G2JYT9	-	-
Q9ESU6	A2AMS7	57261	20301	Brd4	Ccl27a	chromatin immunoprecipitation assay	27924024	Mus musculus	GTRD	No	-	-	-	-
O08750	A2AMS7	18030	20301	Nfil3	Ccl27a	chromatin immunoprecipitation assay	27924024	Mus musculus	GTRD	No	Hs:Q16649;Dr:F1R7W5;Rn:Q6IMZ0	-	-	-
P97863	A2AMS7	18028	20301	Nfib	Ccl27a	chromatin immunoprecipitation assay	27924024	Mus musculus	GTRD	No	Rn:O70185	Hs:Q5VW26	-	-
Q02780	A2AMS7	18027	20301	Nfia	Ccl27a	chromatin immunoprecipitation assay	27924024	Mus musculus	GTRD	No	Hs:Q12857;Dr:Q1L9B0;Rn:A0A0G2K5I9	-	-	-
Q6J1H4	A2AMS7	22286	20301	Utf1	Ccl27a	chromatin immunoprecipitation assay	27924024	Mus musculus	GTRD	No	Hs:Q5T230	Rn:M0RAP1	-	-
Q6ZQK0	A2AMS7	78658	20301	Ncapd3	Ccl27a	chromatin immunoprecipitation assay	27924024	Mus musculus	GTRD	No	-	-	-	-
P81270	A2AMS7	13876	20301	Erg	Ccl27a	chromatin immunoprecipitation assay	27924024	Mus musculus	GTRD	No	Hs:P11308	Dr:F1QK28;Rn:A0A0G2JWE9	-	-
P01108	A2AMS7	17869	20301	Myc	Ccl27a	chromatin immunoprecipitation assay	27924024	Mus musculus	GTRD	No	Hs:P01106;Dr:F1RC36	-	-	-
P23198	A2AMS7	-	20301	Cbx3	Ccl27a	chromatin immunoprecipitation assay	27924024	Mus musculus	GTRD	No	-	-	-	-
Q8BGU5	A2AMS7	67974	20301	Ccny	Ccl27a	chromatin immunoprecipitation assay	27924024	Mus musculus	GTRD	No	Hs:Q8ND76;Ce:P34624;Dr:E7F3H3;Rn:F1MA89	-	-	-
Q62431	A2AMS7	13496	20301	Arid3a	Ccl27a	chromatin immunoprecipitation assay	27924024	Mus musculus	GTRD	No	Hs:Q99856;Rn:B5DEX9	-	-	-
O08792	A2AMS7	13592	20301	Ebf2	Ccl27a	chromatin immunoprecipitation assay	27924024	Mus musculus	GTRD	No	Hs:Q9HAK2;Dr:X1WBX6;Dr:A2BIQ0;Rn:D3ZT68	-	-	-
E9PZZ1	A2AMS7	230025	20301	Prdm13	Ccl27a	chromatin immunoprecipitation assay	27924024	Mus musculus	GTRD	No	Hs:Q9H4Q3;Dr:F1R7D7	Rn:D3ZKY4	-	-
P59941	A2AMS7	50721	20301	Sirt6	Ccl27a	chromatin immunoprecipitation assay	27924024	Mus musculus	GTRD	No	Hs:Q8N6T7;Rn:Q4FZY2	Ce:Q95Q89	-	-
P15919	A2AMS7	19373	20301	Rag1	Ccl27a	chromatin immunoprecipitation assay	27924024	Mus musculus	GTRD	No	Hs:P15918;Dr:F1QD74	Rn:G3V6K9	-	-
Q99LT0	A2AMS7	66310	20301	Dpy30	Ccl27a	chromatin immunoprecipitation assay	27924024	Mus musculus	GTRD	No	Hs:Q9C005;Dr:B8JMZ3;Rn:G3V946	-	-	-
Q08775	A2AMS7	12393	20301	Runx2	Ccl27a	chromatin immunoprecipitation assay	27924024	Mus musculus	GTRD	No	-	-	-	-
Q60674	A2AMS7	353187	20301	Nr1d2	Ccl27a	chromatin immunoprecipitation assay	27924024	Mus musculus	GTRD	No	Dm:P45447;Dr:Q6GMI3;Rn:Q63504	Hs:F1D8P2	-	-
Q61169	A2AMS7	14465	20301	Gata6	Ccl27a	chromatin immunoprecipitation assay	27924024	Mus musculus	GTRD	No	Hs:Q92908	Dr:A0A0R4IB15;Rn:F1M7P7	-	-
A1A546	A2AMS7	71597	20301	Isx	Ccl27a	chromatin immunoprecipitation assay	27924024	Mus musculus	GTRD	No	Hs:Q2M1V0	Rn:F1M478	-	-
P70390	A2AMS7	20429	20301	Shox2	Ccl27a	chromatin immunoprecipitation assay	27924024	Mus musculus	GTRD	No	Hs:O60902;Dr:Q7SZN8;Rn:G3V7M9	-	-	-
A2AGH6	A2AMS7	59024	20301	Med12	Ccl27a	chromatin immunoprecipitation assay	27924024	Mus musculus	GTRD	No	Hs:Q93074;Dr:A0A0R4IBL3;Rn:A0A096MKF8	-	-	-
Q9CXC9	A2AMS7	104156	20301	Etv5	Ccl27a	chromatin immunoprecipitation assay	27924024	Mus musculus	GTRD	No	Hs:P41161;Dr:B0S6S7;Rn:D4AC56	Dr:F1QK52	-	-
Q921N8	A2AMS7	56310	20301	Gps2	Ccl27a	chromatin immunoprecipitation assay	27924024	Mus musculus	GTRD	No	Hs:Q13227;Dr:Q7SZ61;Rn:Q5XII2	-	-	-
Q64705	A2AMS7	22282	20301	Usf2	Ccl27a	chromatin immunoprecipitation assay	27924024	Mus musculus	GTRD	No	Hs:Q15853;Dr:Q1L959;Rn:A0A0G2K3J3	-	-	-
O70546	A2AMS7	22289	20301	Kdm6a	Ccl27a	chromatin immunoprecipitation assay	27924024	Mus musculus	GTRD	No	Dr:F1Q597;Rn:A0A0G2K6D0	Hs:A0A087X0R0	-	-
Q6KCD5	A2AMS7	71175	20301	Nipbl	Ccl27a	chromatin immunoprecipitation assay	27924024	Mus musculus	GTRD	No	Hs:Q6KC79;Dr:F1QBY1;Rn:A0A0G2K0J4	-	-	-
Q8CFN5	A2AMS7	17260	20301	Mef2c	Ccl27a	chromatin immunoprecipitation assay	27924024	Mus musculus	GTRD	No	-	-	-	-
P62915	A2AMS7	229906	20301	Gtf2b	Ccl27a	chromatin immunoprecipitation assay	27924024	Mus musculus	GTRD	No	Hs:Q00403;Ce:O16991;Dm:P29052;Dr:A0A0R4IRB5;Rn:A0A0G2JWZ8;Sc:P29055	-	-	-
Q6RHR9	A2AMS7	14924	20301	Magi1	Ccl27a	chromatin immunoprecipitation assay	27924024	Mus musculus	GTRD	No	Hs:Q96QZ7;Dr:F1QZB9;Rn:A0A0G2JZE4	-	-	-
Q61324	A2AMS7	11864	20301	Arnt2	Ccl27a	chromatin immunoprecipitation assay	27924024	Mus musculus	GTRD	No	Hs:Q9HBZ2;Dr:A0A0R4ID51;Rn:Q78E60	Dm:A0A0B4KFY1	-	-
P21784	A2AMS7	19374	20301	Rag2	Ccl27a	chromatin immunoprecipitation assay	27924024	Mus musculus	GTRD	No	Hs:P55895	Dr:Q1RLW7;Rn:G3V6K7	-	-
Q8C4Y3	A2AMS7	58202	20301	Nelfb	Ccl27a	chromatin immunoprecipitation assay	27924024	Mus musculus	GTRD	No	-	-	-	-
Q60821	A2AMS7	22642	20301	Zbtb17	Ccl27a	chromatin immunoprecipitation assay	27924024	Mus musculus	GTRD	No	Hs:Q13105;Dm:O77459;Rn:Q5XIU3	-	-	-
A2A884	A2AMS7	16656	20301	Hivep3	Ccl27a	chromatin immunoprecipitation assay	27924024	Mus musculus	GTRD	No	Hs:Q5T1R4;Rn:D3ZRB5	-	-	-
O09000	A2AMS7	-	20301	Ncoa3	Ccl27a	chromatin immunoprecipitation assay	27924024	Mus musculus	GTRD	No	-	-	-	-
P09450	A2AMS7	16477	20301	Junb	Ccl27a	chromatin immunoprecipitation assay	27924024	Mus musculus	GTRD	No	Hs:P17275;Dr:A8E7N0;Rn:A0A0G2JSY8	-	-	-
P29037	A2AMS7	21374	20301	Tbp	Ccl27a	chromatin immunoprecipitation assay	27924024	Mus musculus	GTRD	No	Hs:P20226;Dr:Q7SXL3;Rn:Q66HB1	Dr:Q1JPY4	-	-
O08580	A2AMS7	26379	20301	Esrra	Ccl27a	chromatin immunoprecipitation assay	27924024	Mus musculus	GTRD	No	Hs:P11474;Rn:Q5QJV7	Dr:F1QQS8	-	-
Q62318	A2AMS7	21849	20301	Trim28	Ccl27a	chromatin immunoprecipitation assay	27924024	Mus musculus	GTRD	No	Hs:Q13263;Rn:O08629	-	-	-
O08785	A2AMS7	12753	20301	Clock	Ccl27a	chromatin immunoprecipitation assay	27924024	Mus musculus	GTRD	No	Hs:O15516;Dr:Q5RIV1;Rn:G3V697	-	-	-
Q60765	A2AMS7	11910	20301	Atf3	Ccl27a	chromatin immunoprecipitation assay	27924024	Mus musculus	GTRD	No	Hs:P18847;Dr:Q7ZVX7	Rn:P29596	-	-
P42225	A2AMS7	-	20301	Stat1	Ccl27a	chromatin immunoprecipitation assay	27924024	Mus musculus	GTRD	No	-	-	-	-
P17679	A2AMS7	14460	20301	Gata1	Ccl27a	chromatin immunoprecipitation assay	27924024	Mus musculus	GTRD	No	Hs:P15976	Rn:P43429	-	-
Q61039	A2AMS7	15111	20301	Hand2	Ccl27a	chromatin immunoprecipitation assay	27924024	Mus musculus	GTRD	No	Hs:P61296;Dr:A2BDM6;Rn:A0A0G2K7Q4	-	-	-
O89090	A2AMS7	20683	20301	Sp1	Ccl27a	chromatin immunoprecipitation assay	27924024	Mus musculus	GTRD	No	-	-	-	-
P01101	A2AMS7	14281	20301	Fos	Ccl27a	chromatin immunoprecipitation assay	27924024	Mus musculus	GTRD	No	Hs:P01100;Dr:Q6P0S4;Rn:P12841	-	-	-
Q64249	A2AMS7	14536	20301	Nr6a1	Ccl27a	chromatin immunoprecipitation assay	27924024	Mus musculus	GTRD	No	Hs:Q15406;Dr:B3DH62;Rn:E9PSV7	-	-	-
P17433	A2AMS7	20375	20301	Spi1	Ccl27a	chromatin immunoprecipitation assay	27924024	Mus musculus	GTRD	No	Hs:P17947	Dr:Q6PHV7;Rn:Q6BDS1	-	-
P48432	A2AMS7	20674	20301	Sox2	Ccl27a	chromatin immunoprecipitation assay	27924024	Mus musculus	GTRD	No	-	-	-	-
Q99PV8	A2AMS7	58208	20301	Bcl11b	Ccl27a	chromatin immunoprecipitation assay	27924024	Mus musculus	GTRD	No	Hs:Q9C0K0	Dr:X1WBZ3;Rn:D4A0W4	-	-
Q925J9	A2AMS7	19014	20301	Med1	Ccl27a	chromatin immunoprecipitation assay	27924024	Mus musculus	GTRD	No	Hs:Q15648;Dm:Q9VP05;Dr:B8JM88;Rn:D3ZRN2	-	-	-
Q61080	A2AMS7	15227	20301	Foxf1	Ccl27a	chromatin immunoprecipitation assay	27924024	Mus musculus	GTRD	No	Hs:Q12946	Dr:A1L1S5;Rn:M0R8R8	-	-
Q9WU42	A2AMS7	20602	20301	Ncor2	Ccl27a	chromatin immunoprecipitation assay	27924024	Mus musculus	GTRD	No	-	-	-	-
P22361	A2AMS7	21405	20301	Hnf1a	Ccl27a	chromatin immunoprecipitation assay	27924024	Mus musculus	GTRD	No	Rn:P15257	Hs:A0A0A0MQU7;Dr:Q4L1M9	-	-
P23772	A2AMS7	14462	20301	Gata3	Ccl27a	chromatin immunoprecipitation assay	27924024	Mus musculus	GTRD	No	Hs:P23771;Dr:Q91428;Rn:Q99NH5	-	-	-
Q3URK3	A2AMS7	-	20301	Tet1	Ccl27a	chromatin immunoprecipitation assay	27924024	Mus musculus	GTRD	No	-	-	-	-
P70326	A2AMS7	21388	20301	Tbx5	Ccl27a	chromatin immunoprecipitation assay	27924024	Mus musculus	GTRD	No	Hs:Q99593	Rn:G3V657	-	-
Q6P1G2	A2AMS7	30841	20301	Kdm2b	Ccl27a	chromatin immunoprecipitation assay	27924024	Mus musculus	GTRD	No	Hs:Q8NHM5;Dr:F6P9Q3	Rn:F1LLW9	-	-
P15806	A2AMS7	21423	20301	Tcf3	Ccl27a	chromatin immunoprecipitation assay	27924024	Mus musculus	GTRD	No	Hs:P15923;Dr:B1H1L4;Rn:A0A0G2K030	-	-	-
Q8C8M1	A2AMS7	56306	20301	Sinhcaf	Ccl27a	chromatin immunoprecipitation assay	27924024	Mus musculus	GTRD	No	Hs:Q9NP50;Dr:Q5RJ79	Rn:M0R746;Rn:M0RC11	-	-
Q99LI5	A2AMS7	226442	20301	Znf281	Ccl27a	chromatin immunoprecipitation assay	27924024	Mus musculus	GTRD	No	Hs:Q9Y2X9;Dr:F1QM98	Dr:E7F1T3;Rn:A0A0G2K3M5	-	-
Q8BSQ9	A2AMS7	-	20301	Pbrm1	Ccl27a	chromatin immunoprecipitation assay	27924024	Mus musculus	GTRD	No	-	-	-	-
P97449	A2AMS7	16790	20301	Anpep	Ccl27a	chromatin immunoprecipitation assay	27924024	Mus musculus	GTRD	No	Hs:P15144;Dr:A0A0R4IZV6;Rn:A0A0G2JVE6	Dm:Q9VAP0	-	-
Q8BSP2	A2AMS7	52683	20301	Ncaph2	Ccl27a	chromatin immunoprecipitation assay	27924024	Mus musculus	GTRD	No	Hs:Q6IBW4;Dr:Q5RH01	Rn:A0A0G2K4H8	-	-
Q99LG0	A2AMS7	74112	20301	Usp16	Ccl27a	chromatin immunoprecipitation assay	27924024	Mus musculus	GTRD	No	Hs:Q9Y5T5;Dr:A8HAL1;Rn:Q2KJ09	-	-	-
Q61539	A2AMS7	26380	20301	Esrrb	Ccl27a	chromatin immunoprecipitation assay	27924024	Mus musculus	GTRD	No	-	-	-	-
Q91X20	A2AMS7	23808	20301	Ash2l	Ccl27a	chromatin immunoprecipitation assay	27924024	Mus musculus	GTRD	No	Hs:Q9UBL3;Dm:Q94545;Dr:F1RAW8;Rn:A0A0G2JT90	Ce:Q9XXH4	-	-
Q8BG30	A2AMS7	24116	20301	Nelfa	Ccl27a	chromatin immunoprecipitation assay	27924024	Mus musculus	GTRD	No	Rn:Q5U2N1	Hs:A0A0C4DFX9;Dr:A0A0R4IBP1	-	-
P06537	A2AMS7	-	20301	Nr3c1	Ccl27a	chromatin immunoprecipitation assay	27924024	Mus musculus	GTRD	No	-	-	-	-
O09100	A2AMS7	14461	20301	Gata2	Ccl27a	chromatin immunoprecipitation assay	27924024	Mus musculus	GTRD	No	Hs:P23769;Rn:Q924Y4	Dr:Q7T3G1	-	-
P55200	A2AMS7	-	20301	Kmt2a	Ccl27a	chromatin immunoprecipitation assay	27924024	Mus musculus	GTRD	No	Hs:Q03164;Dr:F1QL52	Rn:F1M0L3	-	-
P47930	A2AMS7	14284	20301	Fosl2	Ccl27a	chromatin immunoprecipitation assay	27924024	Mus musculus	GTRD	No	Hs:P15408;Dr:A2RUX8;Rn:A0A0G2JZA4	-	-	-
Q62296	A2AMS7	21679	20301	Tead4	Ccl27a	chromatin immunoprecipitation assay	27924024	Mus musculus	GTRD	No	-	-	-	-
Q61286	A2AMS7	21406	20301	Tcf12	Ccl27a	chromatin immunoprecipitation assay	27924024	Mus musculus	GTRD	No	Hs:Q99081;Dr:A0A0R4IBL7;Rn:P51514	-	-	-
P53566	A2AMS7	12606	20301	Cebpa	Ccl27a	chromatin immunoprecipitation assay	27924024	Mus musculus	GTRD	No	Hs:P49715;Dr:Q8UVZ1;Rn:A0A0H2UI22	-	-	-
Q8CCI5	A2AMS7	56353	20301	Rybp	Ccl27a	chromatin immunoprecipitation assay	27924024	Mus musculus	GTRD	No	Dr:F1QA30	Rn:F1M771	-	-
Q08369	A2AMS7	14463	20301	Gata4	Ccl27a	chromatin immunoprecipitation assay	27924024	Mus musculus	GTRD	No	-	-	-	-
Q60775	A2AMS7	13709	20301	Elf1	Ccl27a	chromatin immunoprecipitation assay	27924024	Mus musculus	GTRD	No	Hs:P32519	Rn:G3V9V2	-	-
Q6PDK2	A2AMS7	-	20301	Kmt2d	Ccl27a	chromatin immunoprecipitation assay	27924024	Mus musculus	GTRD	No	-	-	-	-
P49698	A2AMS7	15378	20301	Hnf4a	Ccl27a	chromatin immunoprecipitation assay	27924024	Mus musculus	GTRD	No	Hs:P41235;Dr:Q6PHH5	Rn:A0A0G2K0G1	-	-
P80206	A2AMS7	-	20301	Otx2	Ccl27a	chromatin immunoprecipitation assay	27924024	Mus musculus	GTRD	No	-	-	-	-
Q9CQJ4	A2AMS7	19821	20301	Rnf2	Ccl27a	chromatin immunoprecipitation assay	27924024	Mus musculus	GTRD	No	Hs:Q99496;Dm:Q9VB08	Dr:A0A0H2UKC6;Rn:A0A0G2JTP7	-	-
P48377	A2AMS7	19724	20301	Rfx1	Ccl27a	chromatin immunoprecipitation assay	27924024	Mus musculus	GTRD	No	Hs:P22670;Dr:E7EZ03;Rn:D3ZQ82	-	-	-
P42227	A2AMS7	20848	20301	Stat3	Ccl27a	chromatin immunoprecipitation assay	27924024	Mus musculus	GTRD	No	Rn:P52631	Dr:Q6NV46	-	-
A2A935	A2AMS7	70673	20301	Prdm16	Ccl27a	chromatin immunoprecipitation assay	27924024	Mus musculus	GTRD	No	Hs:Q9HAZ2	Dr:B8JHX5;Rn:A0A096MJ70	-	-
P11416	A2AMS7	19401	20301	Rara	Ccl27a	chromatin immunoprecipitation assay	27924024	Mus musculus	GTRD	No	Hs:P10276;Rn:A0A0G2JW78	Dr:T2DKU4	-	-
B2RWS6	A2AMS7	328572	20301	Ep300	Ccl27a	chromatin immunoprecipitation assay	27924024	Mus musculus	GTRD	No	Hs:Q09472;Dr:X1WG57	-	-	-
Q60636	A2AMS7	12142	20301	Prdm1	Ccl27a	chromatin immunoprecipitation assay	27924024	Mus musculus	GTRD	No	Hs:O75626;Dr:Q68EH4;Rn:A0A096MJU6	-	-	-
P25425	A2AMS7	18986	20301	Pou2f1	Ccl27a	chromatin immunoprecipitation assay	27924024	Mus musculus	GTRD	No	-	-	-	-
Q6NZA9	A2AMS7	407786	20301	Taf9b	Ccl27a	chromatin immunoprecipitation assay	27924024	Mus musculus	GTRD	No	Hs:Q9HBM6;Dm:Q27272	-	-	-
P46938	A2AMS7	22601	20301	Yap1	Ccl27a	chromatin immunoprecipitation assay	27924024	Mus musculus	GTRD	No	Hs:P46937;Dr:Q1L8J7;Rn:Q2EJA0	-	-	-
Q7JJ13	A2AMS7	14312	20301	Brd2	Ccl27a	chromatin immunoprecipitation assay	27924024	Mus musculus	GTRD	No	Hs:P25440	Dr:Q1LWX7;Rn:Q6MGA9	-	-
P35583	A2AMS7	15376	20301	Foxa2	Ccl27a	chromatin immunoprecipitation assay	27924024	Mus musculus	GTRD	No	-	-	-	-
Q60980	A2AMS7	16599	20301	Klf3	Ccl27a	chromatin immunoprecipitation assay	27924024	Mus musculus	GTRD	No	Hs:P57682;Rn:D4A4V3	-	-	-
Q9WVL2	A2AMS7	-	20301	Stat2	Ccl27a	chromatin immunoprecipitation assay	27924024	Mus musculus	GTRD	No	-	-	-	-
Q99JB6	A2AMS7	20371	20301	Foxp3	Ccl27a	chromatin immunoprecipitation assay	27924024	Mus musculus	GTRD	No	Hs:Q9BZS1	Rn:D4Q8I2	-	-
Q80Z64	A2AMS7	71950	20301	Nanog	Ccl27a	chromatin immunoprecipitation assay	27924024	Mus musculus	GTRD	No	Hs:Q9H9S0;Hs:Q6NSW7	Rn:D3ZS29	-	-
Q61164	A2AMS7	13018	20301	Ctcf	Ccl27a	chromatin immunoprecipitation assay	27924024	Mus musculus	GTRD	No	Hs:P49711;Dr:Q6JAA4;Rn:A0A0H2UHP0	-	-	-
O08550	A2AMS7	75410	20301	Kmt2b	Ccl27a	chromatin immunoprecipitation assay	27924024	Mus musculus	GTRD	No	-	-	-	-
Q8C5D8	A2AMS7	17344	20301	Pias2	Ccl27a	chromatin immunoprecipitation assay	27924024	Mus musculus	GTRD	No	Hs:O75928;Rn:F1LRP3	Dr:X1WFJ1	-	-
P42228	A2AMS7	20849	20301	Stat4	Ccl27a	chromatin immunoprecipitation assay	27924024	Mus musculus	GTRD	No	-	-	-	-
P28700	A2AMS7	20181	20301	Rxra	Ccl27a	chromatin immunoprecipitation assay	27924024	Mus musculus	GTRD	No	Hs:P19793;Rn:Q0VJ96	Dr:F1RDN3	-	-
P27577	A2AMS7	23871	20301	Ets1	Ccl27a	chromatin immunoprecipitation assay	27924024	Mus musculus	GTRD	No	Hs:P14921;Rn:P41156	-	-	-
Q04207	A2AMS7	19697	20301	Rela	Ccl27a	chromatin immunoprecipitation assay	27924024	Mus musculus	GTRD	No	Hs:Q04206;Rn:Q7TQN4	-	-	-
Q8VCD7	A2AMS7	76804	20301	Kdm4c	Ccl27a	chromatin immunoprecipitation assay	27924024	Mus musculus	GTRD	No	Hs:Q9H3R0;Ce:Q9U297;Dr:F1QPD2	-	-	-
Q8BJ51	A2AMS7	69900	20301	Mfsd11	Ccl27a	chromatin immunoprecipitation assay	27924024	Mus musculus	GTRD	No	Hs:O43934;Ce:Q19932;Ce:Q17824;Ce:Q21545;Dm:Q9VG64;Rn:D3ZEI8	Ce:Q9XV34	-	-
Q63ZV0	A2AMS7	53626	20301	Insm1	Ccl27a	chromatin immunoprecipitation assay	27924024	Mus musculus	GTRD	No	Hs:Q01101	Dr:F8W3Z6	-	-
P30051	A2AMS7	-	20301	Tead1	Ccl27a	chromatin immunoprecipitation assay	27924024	Mus musculus	GTRD	No	-	-	-	-
Q9WTN3	A2AMS7	20787	20301	Srebf1	Ccl27a	chromatin immunoprecipitation assay	27924024	Mus musculus	GTRD	No	Hs:P36956;Rn:P56720	-	-	-
Q9JIZ5	A2AMS7	83383	20301	Tfap4	Ccl27a	chromatin immunoprecipitation assay	27924024	Mus musculus	GTRD	No	Hs:Q01664;Rn:D3ZJT6	Dr:A0A0R4IRV6	-	-
P05627	A2AMS7	16476	20301	Jun	Ccl27a	chromatin immunoprecipitation assay	27924024	Mus musculus	GTRD	No	Hs:P05412;Dr:Q6NZT5;Rn:P17325	-	-	-
Q60793	A2AMS7	16600	20301	Klf4	Ccl27a	chromatin immunoprecipitation assay	27924024	Mus musculus	GTRD	No	Hs:O43474;Rn:Q923V7	-	-	-
E9PYH6	A2AMS7	233904	20301	Setd1a	Ccl27a	chromatin immunoprecipitation assay	27924024	Mus musculus	GTRD	No	Dr:E9QGQ0	-	-	-
Q80UV9	A2AMS7	270627	20301	Taf1	Ccl27a	chromatin immunoprecipitation assay	27924024	Mus musculus	GTRD	No	-	-	-	-
P56671	A2AMS7	-	20301	Maz	Ccl27a	chromatin immunoprecipitation assay	27924024	Mus musculus	GTRD	No	-	-	-	-
Q9WV93	A2AMS7	-	20301	Hey1	Ccl27a	chromatin immunoprecipitation assay	27924024	Mus musculus	GTRD	No	-	-	-	-
Q6PDQ2	A2AMS7	107932	20301	Chd4	Ccl27a	chromatin immunoprecipitation assay	27924024	Mus musculus	GTRD	No	Hs:A0A2R8Y445;Hs:Q14839;Dr:F1RBT2;Dr:Q1LYP4;Rn:E9PU01	-	-	-
Q6PZD9	A2AMS7	110794	20301	Cebpe	Ccl27a	chromatin immunoprecipitation assay	27924024	Mus musculus	GTRD	No	Hs:Q15744;Rn:P56261	-	-	-
P20263	A2AMS7	18999	20301	Pou5f1	Ccl27a	chromatin immunoprecipitation assay	27924024	Mus musculus	GTRD	No	Hs:Q01860;Hs:Q06416	Rn:Q6MG27	-	-
Q00422	A2AMS7	14390	20301	Gabpa	Ccl27a	chromatin immunoprecipitation assay	27924024	Mus musculus	GTRD	No	Hs:Q06546;Dm:Q04688;Dr:Q9I9E8	Rn:D4ACQ9	-	-
P70338	A2AMS7	14581	20301	Gfi1	Ccl27a	chromatin immunoprecipitation assay	27924024	Mus musculus	GTRD	No	-	-	-	-
P22561	A2AMS7	-	20301	Wt1	Ccl27a	chromatin immunoprecipitation assay	27924024	Mus musculus	GTRD	No	-	-	-	-
P15066	A2AMS7	16478	20301	Jund	Ccl27a	chromatin immunoprecipitation assay	27924024	Mus musculus	GTRD	No	Hs:P17535;Dr:B0V1Q6;Rn:P52909	-	-	-
Q60974	A2AMS7	-	20301	Ncor1	Ccl27a	chromatin immunoprecipitation assay	27924024	Mus musculus	GTRD	No	-	-	-	-
P48281	A2AMS7	22337	20301	Vdr	Ccl27a	chromatin immunoprecipitation assay	27924024	Mus musculus	GTRD	No	Hs:P11473;Ce:H2KYV4;Ce:Q17929;Ce:Q21805;Ce:A5JYV4;Ce:G5EE21;Dr:Q1L673;Rn:G3V744	-	-	-
P06876	A2AMS7	17863	20301	Myb	Ccl27a	chromatin immunoprecipitation assay	27924024	Mus musculus	GTRD	No	-	-	-	-
Q61550	A2AMS7	19357	20301	Rad21	Ccl27a	chromatin immunoprecipitation assay	27924024	Mus musculus	GTRD	No	Hs:O60216;Dr:Q1L8E1;Rn:Q4KLH7	-	-	-
Q04692	A2AMS7	13990	20301	Smarcad1	Ccl27a	chromatin immunoprecipitation assay	27924024	Mus musculus	GTRD	No	Hs:Q9H4L7;Dm:Q9VL72;Dr:E7F1C4;Dr:B0R061;Rn:D3Z9Z9	-	-	-
Q9JKD8	A2AMS7	57765	20301	Tbx21	Ccl27a	chromatin immunoprecipitation assay	27924024	Mus musculus	GTRD	No	Hs:Q9UL17;Rn:D3ZCM2	-	-	-
P19785	A2AMS7	13982	20301	Esr1	Ccl27a	chromatin immunoprecipitation assay	27924024	Mus musculus	GTRD	No	Hs:P03372;Dr:A5PMH3	Rn:A0A0G2K0D4	-	-
O70126	A2AMS7	20877	20301	Aurkb	Ccl27a	chromatin immunoprecipitation assay	27924024	Mus musculus	GTRD	No	Hs:Q96GD4;Dr:F1RDC1;Rn:O55099	-	-	-
Q01147	A2AMS7	12912	20301	Creb1	Ccl27a	chromatin immunoprecipitation assay	27924024	Mus musculus	GTRD	No	Hs:P16220;Dr:Q803K8;Rn:P15337	Dr:E9QHG0	-	-
O88895	A2AMS7	-	20301	Hdac3	Ccl27a	chromatin immunoprecipitation assay	27924024	Mus musculus	GTRD	No	-	-	-	-
Q8VDK3	A2AMS7	13711	20301	Elf5	Ccl27a	chromatin immunoprecipitation assay	27924024	Mus musculus	GTRD	No	-	Rn:D4A3N9	-	-
Q9Z0Z7	A2AMS7	12224	20301	Klf5	Ccl27a	chromatin immunoprecipitation assay	27924024	Mus musculus	GTRD	No	Hs:Q13887;Dr:E9QG09	Rn:F1LSL7	-	-
P12813	A2AMS7	15370	20301	Nr4a1	Ccl27a	chromatin immunoprecipitation assay	27924024	Mus musculus	GTRD	No	Hs:P22736;Rn:P22829	-	-	-
Q9Z0Y9	A2AMS7	22259	20301	Nr1h3	Ccl27a	chromatin immunoprecipitation assay	27924024	Mus musculus	GTRD	No	Hs:Q13133;Ce:G5EEM0;Rn:Q5I035	Dr:A0A0R4IVP0	-	-
P26323	A2AMS7	14247	20301	Fli1	Ccl27a	chromatin immunoprecipitation assay	27924024	Mus musculus	GTRD	No	Hs:Q01543;Rn:Q4Z8P1	Dr:Q9PU61	-	-
Q3UV55	A2AMS7	217166	20301	Nr1d1	Ccl27a	chromatin immunoprecipitation assay	27924024	Mus musculus	GTRD	No	Hs:P20393;Rn:G3V770	-	-	-
Q03347	A2AMS7	-	20301	Runx1	Ccl27a	chromatin immunoprecipitation assay	27924024	Mus musculus	GTRD	No	-	-	-	-
Q61191	A2AMS7	15161	20301	Hcfc1	Ccl27a	chromatin immunoprecipitation assay	27924024	Mus musculus	GTRD	No	Hs:P51610;Dm:O76894;Dr:F1Q750;Dr:A8WIP5;Rn:D3ZN95	-	-	-
Q60795	A2AMS7	18024	20301	Nfe2l2	Ccl27a	chromatin immunoprecipitation assay	27924024	Mus musculus	GTRD	No	Hs:Q16236;Dr:Q7ZVI2;Rn:O54968	-	-	-
Q9CWW7	A2AMS7	74322	20301	Cxxc1	Ccl27a	chromatin immunoprecipitation assay	27924024	Mus musculus	GTRD	No	Hs:Q9P0U4;Dr:F1QXL1;Dr:A0A0R4IGC5;Rn:A1A5S2	Dm:M9MS35	-	-
P45481	A2AMS7	-	20301	Crebbp	Ccl27a	chromatin immunoprecipitation assay	27924024	Mus musculus	GTRD	No	-	-	-	-
P62340	A2AMS7	237336	20301	Tbpl1	Ccl27a	chromatin immunoprecipitation assay	27924024	Mus musculus	GTRD	No	Hs:P62380;Dr:Q5U385;Rn:D4A898;Sc:P13393	-	-	-
P50220	A2AMS7	21869	20301	Nkx2-1	Ccl27a	chromatin immunoprecipitation assay	27924024	Mus musculus	GTRD	No	Hs:P43699;Dr:B3DH68;Rn:G3V740	-	-	-
Q8VE65	A2AMS7	66464	20301	Taf12	Ccl27a	chromatin immunoprecipitation assay	27924024	Mus musculus	GTRD	No	Hs:Q16514;Dr:Q6P013;Rn:A0A0G2JZ70	-	-	-
P42230	A2AMS7	20850	20301	Stat5a	Ccl27a	chromatin immunoprecipitation assay	27924024	Mus musculus	GTRD	No	Hs:P42229;Rn:G3V8K7	-	-	-
Q64287	A2AMS7	16364	20301	Irf4	Ccl27a	chromatin immunoprecipitation assay	27924024	Mus musculus	GTRD	No	Hs:Q15306;Rn:D3ZEX6	-	-	-
Q8CCG4	A2AMS7	73693	20301	Dppa4	Ccl27a	chromatin immunoprecipitation assay	27924024	Mus musculus	GTRD	No	Hs:Q7L190	Rn:A0A096MIU9	-	-
Q9Z2U4	A2AMS7	56501	20301	Elf4	Ccl27a	chromatin immunoprecipitation assay	27924024	Mus musculus	GTRD	No	Hs:Q99607	Rn:D3ZWM8	-	-
Q66JW3	A2AMS7	252838	20301	Tox	Ccl27a	chromatin immunoprecipitation assay	27924024	Mus musculus	GTRD	No	Hs:O94900;Rn:D4A1U5	Dr:B0V356	-	-
Q4JK59	A2AMS7	214133	20301	Tet2	Ccl27a	chromatin immunoprecipitation assay	27924024	Mus musculus	GTRD	No	-	-	-	-
O35284	A2AMS7	53314	20301	Batf	Ccl27a	chromatin immunoprecipitation assay	27924024	Mus musculus	GTRD	No	Hs:Q16520;Dr:F1QW76	Rn:D4A7E1	-	-
O08537	A2AMS7	13983	20301	Esr2	Ccl27a	chromatin immunoprecipitation assay	27924024	Mus musculus	GTRD	No	Hs:Q92731;Dr:B8JJL4;Rn:Q59IV8	-	-	-
Q99PP7	A2AMS7	94093	20301	Trim33	Ccl27a	chromatin immunoprecipitation assay	27924024	Mus musculus	GTRD	No	-	-	-	-
Q6ZQ88	A2AMS7	99982	20301	Kdm1a	Ccl27a	chromatin immunoprecipitation assay	27924024	Mus musculus	GTRD	No	Hs:O60341;Dm:Q9VW97;Dr:F6NIA2;Rn:F1MA31	-	-	-
Q9CWH0	A2AMS7	73703	20301	Dppa2	Ccl27a	chromatin immunoprecipitation assay	27924024	Mus musculus	GTRD	No	Hs:Q7Z7J5	-	-	-
P37238	A2AMS7	19016	20301	Pparg	Ccl27a	chromatin immunoprecipitation assay	27924024	Mus musculus	GTRD	No	-	-	-	-
Q3TKT4	A2AMS7	20586	20301	Smarca4	Ccl27a	chromatin immunoprecipitation assay	27924024	Mus musculus	GTRD	No	Hs:P51532;Dr:Q7ZSY3;Rn:G3V790;Sc:P32597	-	-	-
P23204	A2AMS7	19013	20301	Ppara	Ccl27a	chromatin immunoprecipitation assay	27924024	Mus musculus	GTRD	No	Hs:Q07869;Dr:K7DY57;Rn:P37230	-	-	-
O88470	A2AMS7	26927	20301	Foxl2	Ccl27a	chromatin immunoprecipitation assay	27924024	Mus musculus	GTRD	No	Hs:P58012;Rn:D4A0S1	Dr:Q1JPV2;Dr:F1QJW8	-	-
P28033	A2AMS7	12608	20301	Cebpb	Ccl27a	chromatin immunoprecipitation assay	27924024	Mus musculus	GTRD	No	Hs:P17676;Rn:P21272	-	-	-
Q9CU62	A2AMS7	24061	20301	Smc1a	Ccl27a	chromatin immunoprecipitation assay	27924024	Mus musculus	GTRD	No	Hs:Q14683;Dm:Q9VCD8;Dr:Q6DRM9;Dr:E7F0X6;Rn:F1LSS1	-	-	-
Q7TNS8	A2AMS7	103551	20301	Epop	Ccl27a	chromatin immunoprecipitation assay	27924024	Mus musculus	GTRD	No	Hs:A6NHQ4;Rn:M0RD31	-	-	-
Q62520	A2AMS7	-	20301	Zic2	Ccl27a	chromatin immunoprecipitation assay	27924024	Mus musculus	GTRD	No	-	-	-	-
